<?xml version="1.0" encoding="UTF-8"?>
<beans xmlns="http://www.springframework.org/schema/beans"
	xmlns:xsi="http://www.w3.org/2001/XMLSchema-instance"
	xmlns:mybatis-spring="http://mybatis.org/schema/mybatis-spring"
	xmlns:context="http://www.springframework.org/schema/context"
	xsi:schemaLocation="http://www.springframework.org/schema/beans http://www.springframework.org/schema/beans/spring-beans.xsd
		http://mybatis.org/schema/mybatis-spring http://mybatis.org/schema/mybatis-spring-1.2.xsd
		http://www.springframework.org/schema/context http://www.springframework.org/schema/context/spring-context-4.2.xsd">
	
	<context:annotation-config></context:annotation-config>
	
	
	
	<bean id="userService" class="com.sux.service.impl.UserServiceImpl"></bean>
	
	<!-- 加载配置文件 -->
	<context:property-placeholder location="classpath:db.properties"/>
	
	<!-- 数据源 dbcp -->
	<bean id="dataSource"  class="org.apache.commons.dbcp.BasicDataSource" 
		destroy-method="close">
			<property name="driverClassName" value="${jdbc.driverClass}"/>
			<property name="url"  value="${jdbc.url}"/>
			<property name="username" value="${jdbc.username}"/>
			<property name="password" value="${jdbc.password}"/>
			<property name="maxActive"  value="10"></property>
			<property name="maxIdle"  value="5"></property>
	</bean>
	
	<!-- 配置sqlSessionFactory -->
	<bean id="sqlSessionFactory" class="org.mybatis.spring.SqlSessionFactoryBean">
		<!-- 加载mybatis 的配置文件 -->
		<property name="configLocation" value="mybatis-config.xml"></property>
		<!-- 数据源-->
		<property name="dataSource" ref="dataSource"></property>
	</bean>
	<!-- mapper的扫描器
		从mapper包中扫描出mapper接口，自动创建代理对象并在spring容器中注入
		若要扫描多个包，不能使用包扫描，只能用半角逗号隔开
	 -->
	<bean class="org.mybatis.spring.mapper.MapperScannerConfigurer">		
		<property name="basePackage" value="com.sux.mapper"></property>
		<property name="sqlSessionFactoryBeanName"  value="sqlSessionFactory"></property>	
	</bean> 

</beans>
