<?xml version="1.0" encoding="UTF-8"?>
<beans xmlns="http://www.springframework.org/schema/beans"
	xmlns:xsi="http://www.w3.org/2001/XMLSchema-instance"
	xmlns:context="http://www.springframework.org/schema/context"
	xmlns:tx="http://www.springframework.org/schema/tx"
	xmlns:mvc="http://www.springframework.org/schema/mvc"
	xsi:schemaLocation="http://www.springframework.org/schema/mvc http://www.springframework.org/schema/mvc/spring-mvc-4.2.xsd
		http://www.springframework.org/schema/beans http://www.springframework.org/schema/beans/spring-beans.xsd
		http://www.springframework.org/schema/tx http://www.springframework.org/schema/tx/spring-tx-4.2.xsd
		http://www.springframework.org/schema/context http://www.springframework.org/schema/context/spring-context-4.2.xsd">
	<!-- 注解驱动 -->
	 <mvc:annotation-driven></mvc:annotation-driven>
	
	
	<!-- 组件扫描 -->
	 <context:component-scan base-package="com.sux"></context:component-scan>
	
	<bean class="org.springframework.web.servlet.view.InternalResourceViewResolver">
		<property name="prefix" value="/"></property>
		<property name="suffix"  value=".jsp"></property>
	</bean>
	
	
	<mvc:resources location="/res/images/" mapping="/images/**"/> 
	<mvc:resources location="/res/css/" mapping="/css/**"/> 
	<mvc:resources location="/res/js/" mapping="/js/**"/>

</beans>
