<beans xmlns="http://www.springframework.org/schema/beans"
	xmlns:xsi="http://www.w3.org/2001/XMLSchema-instance" xmlns:mvc="http://www.springframework.org/schema/mvc"
	xmlns:context="http://www.springframework.org/schema/context"
	xmlns:aop="http://www.springframework.org/schema/aop" xmlns:tx="http://www.springframework.org/schema/tx"
	xsi:schemaLocation="http://www.springframework.org/schema/beans 
		http://www.springframework.org/schema/beans/spring-beans-3.2.xsd 
		http://www.springframework.org/schema/mvc 
		http://www.springframework.org/schema/mvc/spring-mvc-3.2.xsd 
		http://www.springframework.org/schema/context 
		http://www.springframework.org/schema/context/spring-context-3.2.xsd 
		http://www.springframework.org/schema/aop 
		http://www.springframework.org/schema/aop/spring-aop-3.2.xsd 
		http://www.springframework.org/schema/tx 
		http://www.springframework.org/schema/tx/spring-tx-3.2.xsd ">
		
	<context:annotation-config></context:annotation-config>

	<context:component-scan base-package="com.sux.controller"></context:component-scan>

	<!-- 加载配置文件 -->
	<context:property-placeholder location="classpath:db.properties"/>
	
	<!-- 数据源 dbcp -->
	<bean id="dataSource"  class="org.apache.commons.dbcp.BasicDataSource" 
		destroy-method="close">
			<property name="driverClassName" value="${jdbc.driverClass}"/>
			<property name="url"  value="${jdbc.url}"/>
			<property name="username" value="${jdbc.username}"/>
			<property name="password" value="${jdbc.password}"/>
			<property name="maxActive"  value="10"></property>
			<property name="maxIdle"  value="5"></property>
	</bean>
	
	<!-- 配置sqlSessionFactory -->
	<bean id="sqlSessionFactory" class="org.mybatis.spring.SqlSessionFactoryBean">
		<!-- 加载mybatis 的配置文件 -->
		<property name="configLocation" value="mybatis-config.xml"></property>
		<!-- 数据源-->
		<property name="dataSource" ref="dataSource"></property>
	</bean>

	<bean class="org.mybatis.spring.mapper.MapperScannerConfigurer">		
		<property name="basePackage" value="com.sux.mapper"></property>
		<property name="sqlSessionFactoryBeanName"  value="sqlSessionFactory"></property>	
	</bean> 
	

	<bean id="transactionManager" class="org.springframework.jdbc.datasource.DataSourceTransactionManager">
		 <property name="dataSource" ref="dataSource"></property>
	</bean>
	
	<context:component-scan base-package="com.sux.service" />
	
	<!-- <bean id="userService" class="com.sux.service.impl.UserServiceImpl"></bean> -->
	
	
	<!-- 通知 -->
	<tx:advice id="txAdvice" transaction-manager="transactionManager">
		<tx:attributes>
			<tx:method name="save*" propagation="REQUIRED"/>
			<tx:method name="delete*" propagation="REQUIRED"/>
			<tx:method name="insert*" propagation="REQUIRED"/>
			<tx:method name="update*" propagation="REQUIRED"/>
			<tx:method name="find*" propagation="SUPPORTS" read-only="true"/>
			<tx:method name="get*" propagation="SUPPORTS" read-only="true"/>
			<tx:method name="select*" propagation="SUPPORTS" read-only="true"/>
		</tx:attributes>
	</tx:advice>
	
	<!-- aop配置 -->
	<aop:config>
		<aop:advisor advice-ref="txAdvice" pointcut="execution(* com.sux.service.impl.*.*(..))"/>
	</aop:config>

</beans>
