<?xml version="1.0" encoding="UTF-8" ?>
<!DOCTYPE mapper
PUBLIC "-//mybatis.org//DTD Mapper 3.0//EN"
"http://mybatis.org/dtd/mybatis-3-mapper.dtd">
<!-- namespace 命名空间，作用就是对sql进行分类化管理，可以理解为sql隔离 -->
<mapper namespace="com.sux.mapper.UserMapper">

	
	<select id="findUserById"  parameterType="java.lang.Integer" resultType="com.sux.po.User">
		select * from user2 where id=#{id}
	</select>
	
	<select id="findUserByName"  parameterType="java.lang.String" resultType="com.sux.po.User">
		select * from user2 where username=#{value}
	</select>
	
	<select id="doLogin"  parameterType="com.sux.po.User" resultType="com.sux.po.User">
		select * from user2 where username =#{username} and password=#{password}
	</select>
	
	<insert id="doRegister" parameterType="com.sux.po.User">
		
		insert into user2(username,password,email,birthday,address,gender)value(#{username},#{password},#{email},#{birthday},#{address},#{gender});
		
	</insert>
	
</mapper>